id,subaccount,parent_account
1460,Michigan Medicine,1
1458,Ready-Made Template,1
116,School Of Art And Design,1
1314,ADVANCE Program,1
874,Navy Officer Education Program,1
1421,Digital Media Commons (DMC),1
976,Ross Sch Erb Institute,1
1155,Taubman Health Sciences Library,1
502,Army Officer Education Program,1
1215,U-M Human Resources,1
1205,Wolverine Pathways,1
1057,Non Academic Program Courses,1
306,Test Account,1
107,Center for Academic Innovation,1
1180,Facilities and Operations Services,1
118,Law School,1
1153,Division of Public Safety and Security,1
52,School Of Nursing,1
1105,University Human Resources,1
1062,Shared Services Center,1
1224,Wolverine Wellness,1
89,Student Life,1
1055,Practice Course Sub-Account,1
1232,U-M Library,1
47,School of Kinesiology,1
113,College Of Engineering,1
303,Center for Research on Learning & Teaching,1
126,Office Of The President,1
1164,Institute of Continuing Legal Education (ICLE),1
1176,Office of Research & Sponsored Programs,1
125,Office Of Vp For Research,1
124,Registrar's Office,1
112,"College of Lit, Sci, and Arts",1
90,ITS,1
1212,Mcity,1
1246,Graham Sustainability Institute,1
1066,Migration Sandboxes,1
114,Medical School,1
56,School of Business Admin,1
1200,Student Study Groups,1
1119,Unizin EAP,1
55,Fall 2014 Pilot Instructors,1
1203,Respondus Test Account,1
46,College Of Pharmacy,1
1190,University of Michigan Catalog,1
51,School of Information,1
1430,Undergrad Research  Opportunity Prg (UROP),1
1288,Reports,1
1170,Athletic Department,1
1112,Data,1
45,"School of Music, Theatre & Dance",1
123,Off Provost & Exec Vp Acad Aff,1
120,School Of Public Health,1
50,Marsal Family School Of Education,1
1059,Migrated Courses,1
501,Air Force Officer Education Pg,1
1437,Master Templates,1
109,JZ Admin Test,1
115,College of Arch & Urb Planning,1
49,School Of Social Work,1
1245,Interprofessional Education,1
1247,Survey Research Operations (SRO),1
1306,Conference & Event Services,1
121,School Of Public Policy,1
1192,Placement Exams,1
1301,Office of New Student Programs,1
119,School for Environment and Sustainability,1
1309,Conferences & Events,1
2,Manually-Created Courses,1
1072,Google Analytics (for courses using GA to track content views),1
122,Graduate School,1
1213,Michigan Medicine Nursing Professional Development & Education,1
117,School Of Dentistry,1
54,Medical School (UMMS),1
1286,Institute for Social Research,1
36,Pilot,1
1304,ICPSR Courses,1286
1297,Sandbox,1296
1450,ONSP Other,1301
1445,Advisors 2021 Orientation,1301
1449,ONSP 2020 Orientation,1301
1303,Advisors 2020 Orientation,1301
1474,Advisors 2023 Orientation,1301
1462,Advisors 2022 Orientation,1301
1463,ONSP 2022 Orientation,1301
1447,ONSP 2021 Orientation,1301
1426,Taubman Orientation Program,1303
1310,Intergroup Relations (Branded),1309
1597,EPID Summer Session,286
731,RCGD-Elections & Ethnicity,1057
687,Career Planning And Placement,1057
849,Pediatrics-Nephrology,1057
839,Coe Meam Academic Services Off,1057
677,SRC-Ds-Production Sampling,1057
721,ISR-Personnel,1057
1007,IA-Women's Soccer,1057
611,Development-Phone Center,1057
729,RCGD-Aging Research,1057
567,SOE-Cshpe,1057
423,Coe Caen Service Center,1057
379,Michigan Journalism Fellows,1057
485,Off Acad Multicultural Init,1057
980,COE EECS - ECE - SSEL,1057
647,Pediatrics-Hematology/Oncology,1057
434,Int Med-Gastroenterology,1057
272,Dean'S Office-Dentistry,1057
885,SRC-Seh-Price,1057
530,Umtri-Osat Manufacturing,1057
486,Ctr For Res On Learn & Teach,1057
648,Pediatrics-Clinic,1057
981,COE EECS - ECE - WIMS - ERC,1057
716,Services For Students With Dis,1057
392,Coe Eecs-Ssel,1057
554,Umbs Erb Institute (Cemp),1057
879,Howard Hughes Medical Ins Spac,1057
428,Medical School Basic Sciences,1057
761,SRC-Other,1057
357,Vice Provost For The Arts,1057
852,Pediatrics-Pulmunary Medicine,1057
195,Botanical Gardens,1057
690,Student Legal Services,1057
519,Community Health Programs Dept,1057
363,Umtri-Human Factors,1057
525,Health Serv Research Initiativ,1057
426,Biomedical Research Core Facil,1057
921,UMH Geriatrics Center,1057
264,Biologic And Materials Science,1057
877,Student Activities (Fee Alloc),1057
560,Academic/Admin Support-Dentist,1057
1000,ROSS SCH Marketing,1057
722,ISR-Library,1057
678,SRC-Ds-Control Office,1057
858,SRC-Project Services,1057
740,SRC-Economic Behavior,1057
407,Coe Glmac,1057
696,President'S House Operations,1057
902,Coe Minority Eng Prog Off,1057
650,Psychiatry Child Services,1057
768,SRC-Seh-Vinokur,1057
1046,Campus-Wide Ctr for Entrepren,1057
812,Inst Org - Hospital,1057
953,Anthro-History,1057
458,M-Care,1057
340,Patient Services Dentistry,1057
791,Pop Plan & International Healt,1057
296,Michigan Union,1057
534,Periodontics-Dentistry,1057
372,ISR-Accounting,1057
985,LSA UG: Hlth. Science Scholars,1057
873,Affirmative Action Office,1057
260,Umbs Computing Services,1057
378,Grad Sch-Academy Of Sciences,1057
422,Coe Capital/Facilities,1057
334,Psychiatry Child Administratio,1057
785,Sch Of Info-Administration,1057
947,CoE Ctr for Entrepreneurship,1057
635,Construction & Arch Trades,1057
473,SON-(Div I) Division Of Acute,1057
324,Operative Dentistry,1057
937,MSA Immunology,1057
775,Substance Abuse Center,1057
1053,ROSS SCH Dev&Alum Rltns-Oprtns,1057
765,SRC-Organizational Behavior,1057
1043,IA-Women's Lacrosse,1057
927,SI Associate Dean Research,1057
742,SRC-Social-Envir Studies,1057
698,Development Research,1057
1020,IA-Women's Rowing,1057
904,Coe Eng Undergrad Admiss/Recru,1057
580,Treasurer'S Office,1057
409,Coe Eecs-Acal,1057
710,Michigan Union Ticket Office,1057
666,Cognitive Science&Mach Intelli,1057
828,Wuom/Michigan Radio,1057
215,COE EECS - CSE Division,1057
789,"Sch Of Info-Std Rec, Ret & Plc",1057
833,Coe Wu Manuf Research Center,1057
338,Radiology Department,1057
671,Intergroup Relations,1057
1044,IA-Compliance Services Office,1057
928,SI Associate Dean Prof Prgms,1057
766,SRC-Social Envir & Health,1057
810,Inst Org - Ann Arbor,1057
543,Law Develop & Alumni Relations,1057
994,CoE Office of Student Affairs,1057
499,Sch Of Info - Crew,1057
381,Michigan Society Of Fellows,1057
705,Student Organization Acct Serv,1057
1025,IA-Academic Success Program,1057
747,SRC-Summer Institute,1057
585,Office Of Assoc Vp For Finance,1057
134,LSA UG:  IDEA Institute,1057
909,Executive MBA,1057
634,Mntce Services Admin & Enginee,1057
472,SON-Academic Affairs,1057
823,Development Trusts & Bequests,1057
210,Computer Aided Engr Network,1057
779,Law Career Services,1057
328,Psych Msrb/Other,1057
661,Inst Org - Ann Arbor Auxiliary,1057
707,Student Wood Shop,1057
545,SON-(Div Iii) Division Of Nurs,1057
996,SON Development Office,1057
417,Coe Eecs-Its,1057
750,Global Change Program,1057
868,Predoctoral Studies-Dentistry,1057
912,East Asian Management Dev Ctr,1057
862,East Quad,1057
367,Umtri-Data Center,1057
411,Coe Eecs-Bio,1057
529,Umtri-Engineering Research,1057
349,Upress Edit Acquisitions,1057
682,SRC-Research Design & Devel,1057
844,Pediatrics-Wcgh,1057
673,SRC-Cmt-Cai Programming,1057
835,Coe Engineering Research Cente,1057
757,Div Of Research Devel & Admin,1057
595,Multi-Ethnic Student Affairs,1057
919,BUS SCH Corp Environ Mgt. Prgm,1057
801,Grad School - Faculty Research,1057
1035,IA-Women's Water Polo,1057
440,Laboratory Animal Medicine Uni,1057
558,Admin Services-Dentistry,1057
891,Observatories,1057
396,Coe Eng Undergrad Counseling,1057
602,Health Service Ancillary Servi,1057
613,Development Communications,1057
569,SOE-Education Specialists,1057
1009,IA-Dance Team,1057
451,Exec Vp For Medical Affairs,1057
676,SRC-Computing Administration,1057
838,Coe Claims Lab,1057
720,ISR-Mail Room,1057
269,Periodontics/Prevent & Geriati,1057
1042,IA-Ice Hockey,1057
926,AOSS CSEM,1057
764,SRC-Life Course Development,1057
562,Personnel Services - Dentistry,1057
724,ISR-Institute Sponsored,1057
1002,IA-Administration,1057
424,Coe Camp Caen,1057
875,Periodic Health Appraisal Unit,1057
262,Umbs Commerce Park,1057
837,Coe Ind/Univ Coop Research Cen,1057
675,SRC-Cmt-Unix,1057
351,Upress Marketing,1057
964,Ross Sch Paton Accounting Cntr,1057
469,South African Initiatives,1057
513,Graduate Admissions-Dentistry,1057
681,SRC-Dst Director'S Office,1057
348,University Press,1057
843,Co-Op Limnology & Ecosys Res,1057
799,Academic Outreach,1057
665,Inst Org - ICA,1057
827,Develop-Campaign For Michigan,1057
931,LSA Greek & Roman History Pgm,1057
274,Alumni Rel & Cont Dental Educ,1057
436,Coe Ctr Biomed Eng Research,1057
887,SRC-Studies Of Youth,1057
333,Administration-Dentistry,1057
289,Information Technology Divisio,1057
784,Continuing Legal Education Ins,1057
946,COE EECS - CSE - AI,1057
270,Educ Resources-Dentistry,1057
883,SRC-Health Program,1057
432,Int Med-Cardiology,1057
1024,IA-Men's Lacrosse,1057
746,SRC-Survey Methodology,1057
584,Debt Service Funds,1057
908,Tauber Manufactur Institute,1057
514,Registrar-Dentistry,1057
190,Museum of Anthropology,1057
352,Upress Administration,1057
965,Ross Sch Zell Lurie Institute,1057
777,Mich Memorial Phoenix Project,1057
326,Psych Substance Abuse,1057
821,Pop Studies-Research,1057
939,Graham Environ. Sustain. Inst.,1057
863,Stockwell Hall,1057
368,Umtri-Marine Systems,1057
412,Coe Eecs-Cspl,1057
954,COE EECS - CSE - SSRL,1057
792,Center For Population Planning,1057
503,National Music Camp,1057
297,Housing Administration,1057
459,Um Health Mntc Organization,1057
341,Adv Education Gen Dentistry,1057
498,Sch Of Info-Workshops,1057
704,Regents Expense,1057
209,Environmental Sciences & Engin,1057
380,Michigan Quarterly Review,1057
542,Law Student Services,1057
993,SI Associate Dean Prof of Acad,1057
783,Law General Administration,1057
945,COE EECS - CSE - RIF,1057
332,Academic Departments-Dentistry,1057
288,University Library,1057
564,SOE-Student Services,1057
1004,A-Men's Gymnastics,1057
726,RCGD-Aggression Research,1057
855,SRC-Data Services,1057
693,Gift Processing Services,1057
454,Um Hospital Operating,1057
292,Nichols Arboretum,1057
616,Audit Exp & Prof Fees,1057
655,Other Related Hospital Activit,1057
817,Pop Studies-Data Processing,1057
493,Pediatric Dentistry,1057
1032,IA-Women's Golf,1057
916,A. Alfred Taubman CA&UP Adm,1057
592,University Audits Office,1057
141,Science Learning Center,1057
754,Philological Research,1057
360,Umtri-Administration / Library,1057
973,Ross Sch NonProfit/Pub Mgt Ctr,1057
522,Upress Fullfillment & Cust Ser,1057
478,Sch Of Nursing-Grants,1057
961,LSA Political Science: MIW,1057
510,Minority Affairs-Dentistry,1057
628,Rental Properties,1057
466,Mich Diabetes Research Train C,1057
583,Assocvp Finance-Univ Support,1057
745,SRC-Amp,1057
1023,IA-Cheer Team,1057
298,Housing-Residence Education,1057
504,Marching/Athletic Bands,1057
793,Inst Environ & Industrial Heal,1057
955,COE EECS - CSE - RTCL,1057
342,Community Dentistry,1057
1017,GSA - Acute Care Surgery (ACS),1057
577,Zone Maintenance,1057
621,Plant Extension Office,1057
739,SRC-Misc Research Prgrms,1057
533,Um Hosp Plant Fin & Endow Act,1057
489,University Women'S Glee Club,1057
371,Isr-Director'S Office,1057
984,LSA UG: Mich Research Comm,1057
335,Psychiatry Adult Ambulatory,1057
830,Towsley Center Activities,1057
948,ROSS SCH Student Aid,1057
786,Sch Of Info-Special Initiative,1057
273,Dent Informatics,1057
886,SRC-Seh-Kaplan,1057
930,SNRE Office of Academic Progra,1057
435,Engr Graduate Education,1057
847,Pediatrics-Immunology/Rheumatl,1057
685,Community Service Learning,1057
714,Pierpont Commons,1057
390,Coe Eecs-Rtcl,1057
552,Umbs Doctoral Programs,1057
467,Fin Aid-Grants/Loans/Workstudy,1057
962,UMH CVC Development Fund,1057
511,Recruitment & Admissions-Dent,1057
629,Physical Properties Improvemen,1057
898,Coe Undergraduate Scholarships,1057
609,Devl Budget & Administration,1057
447,Pediatrics-Neurology,1057
780,Law Admissions,1057
942,COE EECS - ECE - Cspl,1057
903,Coe Eng Career Resource Center,1057
408,Coe Ncibrd,1057
697,Development Major Gifts Progra,1057
741,Co-Curr Prog:Trotter House,1057
859,Population Studies Center,1057
738,SRC-Directors Office,1057
1016,ROSS SCH Student Aid - BBA,1057
620,Staff Benefits,1057
576,Umbs Center For Intrn'L Bus Ed,1057
806,Law Academic Services,1057
644,Int Med-Molecular Med & Geneti,1057
482,Office Of Budget Administratio,1057
159,Language Resource Center,1057
654,Historical Ctr Heatlh Sciences,1057
492,Orthodontics-Dentistry,1057
816,Pop Studies - Administration,1057
203,Coe-Student Team Proj Cnt,1057
1015,IA-Baseball,1057
575,Umbs Bus Indust & Admin Div,1057
737,SRC- Administration,1057
393,Coe Eecs-Usl,1057
717,Ethics And Religion,1057
555,Umbs Wm. Davidson Inst.,1057
900,Coe Graduate Tuition Program,1057
694,Dev Network Services,1057
856,SRC-Ds-Ssl,1057
725,RCGD-Achievement Research,1057
1003,IA-Football,1057
563,SOE-Technology Services,1057
414,Coe Eecs-Dtm,1057
865,Observatory Lodge,1057
344,General Surgery Section,1057
795,Employment Transition Program,1057
957,GIEU Program,1057
506,Postgraduate Education-Dentist,1057
924,SNRE CILER,1057
429,Medical School Clinical Scienc,1057
267,Orthodontics/Pediatric Dentist,1057
762,SRC-Evolution & Human Adap,1057
570,SOE-Eric,1057
732,RCGD-Institutions & Policies,1057
688,Campus Information Centers,1057
1010,CoE Center for Health Eng,1057
804,Law Legal Practice,1057
642,Center For Clinc Invest & Ther,1057
598,Health Service General Operati,1057
480,"Ctr For Res On Ethn,Cult,&Hlth",1057
1038,UM Cardiovascular Center,1057
277,Sindecuse Dental Museum,1057
439,Int Med-Pulmonary/Critical Car,1057
321,Endodontics-Dentistry,1057
1050,ROSS SCH Leadership Initiative,1057
934,SNRE Corp Environ Mgmt Prgm,1057
772,Technology Management Office,1057
850,Pediatrics-Intensive Care,1057
968,Ross Sch East Asia GMBA,1057
193,Museum of Paleontology,1057
355,Cnt For Educational Improvemen,1057
517,SON-Nurse Managed Clinics,1057
391,Coe Eecs-Ssrl,1057
553,Umbs Tauber Man Institute,1057
715,Counseling Services,1057
223,Space Physics Research Lab,1057
674,SRC-Cmt-System Programming,1057
836,Coe Biomechanics,1057
798,Merit Network,1057
509,Financial Affairs-Dentistry,1057
842,Sea Grant Program,1057
347,Institute For Human Adjustment,1057
680,SRC-Ds-Unit Directors,1057
832,Center For Ergonomics,1057
788,Sch Of Info-Development,1057
670,Off Exec Vp & Chief Fin Office,1057
337,Psych Adult Ambulatory Program,1057
633,Special Plant Units,1057
589,Institute Of Fisheries (Space),1057
1029,IA-Men's Basketball,1057
471,SON-Student Affairs,1057
1005,IA-Men's Tennis,1057
565,SOE-Combined Program In Ed & P,1057
727,RCGD-Black Americans,1057
593,Mechanical Systems,1057
917,SNRE School Operations,1057
755,Biomolecular Recognition Progr,1057
1033,IA-Women's Gymnastics,1057
455,Um Hospital Capital,1057
293,Off Aprov Acad & Multict Affai,1057
950,SOM Assoc Dean Acad Affairs,1057
617,Initi On Alcohol & Other Drugs,1057
669,Staff Benefit To Budget Units,1057
713,Michigan Student Assembly,1057
551,Umbs Global Programs,1057
218,COE EECS - ECE  - USL,1057
373,ISR-Proposals & Contracts,1057
535,All Orgs (Org Security Only),1057
986,LSA UG GlobalScholarsProgram,1057
265,Prosthodontics,1057
427,Other Activities Medical Schoo,1057
760,SRC-Psid,1057
922,CoE EECS-WIMS ERC,1057
878,Treasurer'S Off-Univ Support,1057
582,Unrestricted Gifts,1057
1022,IA-Women's Track & Field,1057
744,SRC-Mtf,1057
679,SRC-Ds-National Field Group,1057
561,Computing-Dentistry,1057
1001,MICHR - Data Coordination,1057
723,ISR-Supplies,1057
712,Michigan Leadership Institute,1057
550,Umbs Off Of Tax Policy Rsrch,1057
217,COE EECS - ECE Division,1057
668,Staff Benefits Pool,1057
763,SRC-Family Demography,1057
925,LSA UG: Student Recruitment,1057
268,Oral Med/Path/Surgery,1057
1041,ROSS SCH Master of Management,1057
497,Sch Of Info-Faculty Search,1057
703,Secretary Of The University,1057
208,Engineering Administration,1057
541,Law Legal Profession Program,1057
659,Univ Musical Society,1057
992,SI Research & Administration,1057
1019,IA-Men's Track & Field,1057
579,Mason Trades Department,1057
461,Umbs Dean'S Office,1057
623,Construction Management,1057
664,Inst Org - Dearborn Auxiliary,1057
826,Inglis House,1057
701,Alumni Association - Camps,1057
819,Pop Studies-Library,1057
495,Sch Of Info-Student Services,1057
990,SI MSI Program,1057
657,University,1057
441,Kresge Hearing Research Inst,1057
397,Coe Eecs-Ese,1057
559,Financial Services - Dentistry,1057
603,Baits,1057
581,Execvp&Cfo-Univ Support,1057
743,ISR-Purchasing,1057
905,Coe Eng Undergrad Stdt Serv,1057
1021,IA-Softball,1057
699,Dev Rpts & Information,1057
989,Library Admin - Finance,1057
871,SOE-Joint Program In English &,1057
420,Coe Lurie Engineering Center,1057
376,Graduate School-Idps,1057
782,Law Information Technology,1057
449,Vascular Surgery Section,1057
331,Psychiatry M-Cdr,1057
944,COE EECS - ECE - OPT,1057
811,Inst Org - Flint Auxiliary,1057
1045,CoE Assoc Dean for Entrep Prog,1057
929,Institute of Gerontology,1057
767,SRC-Seh-House,1057
672,SRC-Comp & Multi-Media Tech,1057
339,Radiation Oncology - Foote,1057
834,Coe Automotive Research Center,1057
494,Kellogg Found Ins-Dent,1057
818,Pop Studies-Data Archive,1057
656,University of Michigan A.A.,1057
700,Alumni Association,1057
991,SI Doctoral Program,1057
496,Sch Of Info-School Wide Activi,1057
540,Law Research Faculty Activity,1057
658,Radrick Farms,1057
702,Off Vp University Relations,1057
975,Ross Sch Tauber Institute,1057
362,Umtri-Great Lakes Center Truck,1057
524,Off Assoc Prov Acad Affairs,1057
951,SOM Assoc Dean Grad Studies,1057
294,Admissions,1057
500,Officer Education Program,1057
456,Plant Extension - Hospital,1057
618,Benefits Office,1057
346,Plastic Surgery Section,1057
797,Univ. Library - Collections,1057
959,FSPP Undergrad Prog,1057
841,Coe Auto Lab,1057
508,Student Affairs-Dentistry,1057
958,FSPP Master's Programs,1057
345,Oral Surgery Section,1057
507,Community & Outreach Programs,1057
840,Coe Meam Gm,1057
796,Inst Of Labor & Industrial Rel,1057
574,Umbs Communications,1057
1014,CoE Masters Entrepreneurship,1057
736,RCGD-Values & Participation,1057
864,Community Center,1057
413,Coe Eecs-Con,1057
369,Reproductive Sciences Program,1057
475,SON-Community Partnerships,1057
637,Comp Study Of Soc Transformati,1057
970,Ross Sch MACC Prg,1057
263,Umbs Executive Education,1057
425,Coe Caen Alumni Net,1057
920,EECS-RIF,1057
876,Assoc Vp Bus Oper Business Off,1057
752,Center For Human Growth & Dev,1057
1030,IA-Wrestling,1057
914,ICPSR-Archival Development,1057
301,Athletics,1057
419,Coe Assoc Dean Academic Affair,1057
590,Non-Assignable Space,1057
692,Alumni Records Office,1057
854,SRC-Cmt-Data Management,1057
359,Transportation Research Inst.,1057
949,Palmer Commons,1057
831,Int Med-Hematology/Oncology,1057
336,Depression Center,1057
787,Sch Of Info-Info Techn Servi,1057
643,Int Med-Geriatric Medicine,1057
805,Law International Programs,1057
481,Office Of Budget & Planning,1057
1039,IA-Men's Swimming & Diving,1057
599,Health Service Education,1057
626,Assoc. V-P Business Operations,1057
464,Int Med-Hypertension,1057
330,Psych-Behavorial Medicine,1057
448,Thoracic Surgery Section,1057
781,Law Financial Aid,1057
943,COE EECS - ECE - Con,1057
899,Coe Research Support,1057
1011,"LSA Science, Tech and Society",1057
689,Student Organizations Programs,1057
733,RCGD-Media & Politics,1057
238,Int Med-Rheumatology,1057
571,Oral Biology-Dentistry,1057
532,Icpsr,1057
983,Facilities Maintenance Dept,1057
370,Institute For Social Research,1057
488,University Men'S Glee Clubs,1057
709,Major Events,1057
547,Umbs Document Processing,1057
880,Assoc Vice President Developme,1057
998,ROSS SCH BBA Program,1057
894,Comm On Comp Hist Res On Mkt E,1057
605,Law School Snack Bar,1057
399,Coe Eecs-Dco,1057
443,Pediatrics-Endocrinology,1057
663,Inst Org - Dearborn,1057
825,Development Legal Services,1057
952,SOM Assoc Dean Res & Comm Eng,1057
790,Sch Of Info-Acad Prgrms,1057
457,Michigan Health Corporation,1057
295,Michigan League,1057
619,Disability,1057
548,Umbs Paton Accounting Center,1057
430,Family Practice Department,1057
999,ROSS SCH Rsch/Inst Spprt Disc,1057
881,Rcgd - Rsrch Cntr For Grp Dyn,1057
653,Pediatric Surgery Section,1057
1049,Chemical Biology Program,1057
815,Univ. Unions - Reserves,1057
491,Oral Pathology-Dentistry,1057
848,Pediatrics-Infectious Diseases,1057
730,RCGD-Cps- Center For Political,1057
686,Assoc Vp & Dean Of Students,1057
997,COE EECS - CSE - ACAL,1057
384,Collegiate Inst For Values & S,1057
546,Umbs Facilities,1057
708,Office Of Greek Life,1057
604,Law Club,1057
398,Coe Eecs-Sse,1057
280,University Productions,1057
442,Pediatrics-General Services,1057
814,Unions-Student Awards,1057
490,Oral Diagnosis-Dentistry,1057
652,Radiation Oncology - Providenc,1057
1048,CoE Multidisciplinary Design,1057
325,Umbs Devel & Alumni Relations,1057
1054,LSA II: Weiser Europe/Eurasia,1057
820,Pop Studies-Publications,1057
938,MSA PIBS,1057
776,Lab. Animal Medicine-Serv. & F,1057
966,Ross Sch Doctoral Programs,1057
353,Upress Esl,1057
515,Umh Dental Surgery Clinic,1057
1006,IA-Women's Swimming & Diving,1057
728,RCGD-Communication/Education,1057
610,Devl Annual Giving Program,1057
566,SOE-Affiliates,1057
936,Medical Science Training Prog,1057
323,Occlusion Dentistry,1057
1052,ROSS SCH Mstr of Entreprenshp,1057
774,Ctr Statistical Consul & Res,1057
1028,IA-Men's Soccer,1057
588,Fiscal Operations Office,1057
632,Sch of Music Custodial Departm,1057
470,Grad Schl-Fellowship Prgm,1057
271,Oral Surgery Dentistry,1057
884,SRC-Quantitative Methods,1057
433,Int Med-Endocr & Metabol,1057
389,Coe Eecs-Rad,1057
695,Office Of Univ And Dev Events,1057
857,SRC-Ds-Survey Managers,1057
901,Coe Curr 2000/Undergrad Course,1057
870,SOE-Development/Alumni Relatio,1057
375,Culture And Cognition Program,1057
988,LSA OS: Barger Leadership Inst,1057
537,"Research,Computing,Facilities",1057
544,Law Facilities And Equipment,1057
995,Education Policy Initiative,1057
706,Student Theatre Arts Complex,1057
382,Program In American Institutio,1057
587,Office Of Space Analysis,1057
1027,Campus-Wide Ctr for Entrepren,1057
631,Office of the Plant Director,1057
749,Cognitive Neuroscience Program,1057
1031,IA-Field Hockey,1057
753,Institute Of Gerontology,1057
591,Office Of Student Publications,1057
915,Summer Language Institute,1057
302,Recreational Sports Dept,1057
140,Biological Station,1057
978,Life Sciences,1057
365,Umtri-Survey & Analysis,1057
860,Student Organizations,1057
527,Detriot Observatory,1057
972,Ross Sch Domestic Crops,1057
521,Upress Copyediting,1057
477,SON-Child/Adolescent Health Be,1057
639,Engineering College Relations,1057
974,Ross Sch PRISE,1057
479,SON-North Campus Clinic,1057
523,Asst Provost Budget & Planning,1057
361,Umtri-Biosciences,1057
967,Ross Sch Part-Tie MBA Program,1057
192,Kelsey Museum of Archaeology,1057
354,Upress Info Man & Digital Proj,1057
516,SON-Cercf-Center For Enhanceme,1057
756,Inst For Research Women & Gend,1057
1034,IA-Women's Tennis,1057
800,Graduate School Administration,1057
918,SNRE Ctr for Sustain Systems,1057
594,Human Resources & Aff Action,1057
476,SON-Cnr-Center For Nursing Res,1057
971,Ross Sch Supply Chain Mgmt,1057
520,Tuition Grant Program,1057
638,Mathematical Reviews,1057
940,CoE International Programs,1057
445,Pediatrics-Neonatal/Perinat Me,1057
607,Office Of Vp For Development,1057
896,Ctr Great Lakes & Aquatic Scs,1057
356,Sacua,1057
194,Museum of Zoology,1057
518,Public Health Policy And Admin,1057
851,Pediatrics-Biochem Gen & Met D,1057
400,Asia-American Studies,1057
969,Ross Sch Executive MBA Program,1057
578,Industrial Eng (Work Order),1057
622,Univ Architect/Planner Office,1057
1018,IA-Men's Golf,1057
824,Development Systems Services,1057
329,Psychiatry-Neuropsychology,1057
662,Inst Org - Flint,1057
1058,Ross Sch Erb Institute,1057
846,Pediatrics-Satellite/Er,1057
684,Office Of Vp Student Affairs,1057
866,ISR-Institute Administration,1057
253,Mental Health Research Institu,1057
910,LSA Human Resources,1057
596,International Center,1057
640,Center For Gene Therapy,1057
802,Law Visting Faculty,1057
758,Drda - Research Services,1057
1036,CoE Honors Program,1057
474,SON-(Div Ii) Division Of Healt,1057
636,Key Systems & Doors,1057
624,Facilities Planning & Design,1057
462,Psychiatry Admin-Central,1057
1012,IA-Women's Basketball,1057
734,RCGD-National Election Studies,1057
572,Umbs Student Services,1057
608,Assoc Vp Dev-Management & Admi,1057
284,Sch Of Public Health-Dean'S Of,1057
897,Osborn Preserve,1057
941,COE EECS - ECE - RIF,1057
446,Pediatrics-Genetics,1057
769,SRC-Seh-Williams,1057
651,Psych Hospital Services,1057
200,Engr Graduate Research,1057
813,Inst Org - Traditional Housing,1057
1026,CoE Ctr for Entrepreneurship,1057
586,Fin Analysis/Cost Reimbursemen,1057
135,Undergrad Res Opp Prog,1057
748,SRC-Methodology & Interviewin,1057
630,Occupational Safety & Environ,1057
646,Pediatrics-Cardiology,1057
808,Small Programs-Int'l Inst,1057
484,Ctr For The Education Of Women,1057
463,Int Med-Geriatrics Center,1057
625,Interior Design,1057
759,SRC-Hrs,1057
1037,Medical Education,1057
597,Multi-Cult Prog:Trotter House,1057
803,Law Clinical Activity,1057
641,Center For Organogenesis,1057
374,ISR-Business Services Admin,1057
536,Institutional Org,1057
987,SOE- Teacher Education,1057
410,Coe Eecs-Al,1057
366,Umtri-Statistical Analysis,1057
979,ROSS SCH Cntr for Intl Bus Ed,1057
528,Arts Of Citizenship Program,1057
861,Assoc Dean Of Students Spec Se,1057
882,SRC-Consumer Attitude Survey,1057
431,Int Med-Allergy,1057
549,Umbs Entrepreneurial Programs,1057
614,Dev Information Tech Services,1057
290,Media Union,1057
452,Ctn Publ Pol Res Organ Transpl,1057
683,SRC-Survey Design & Analysis,1057
845,Pediatrics-House Staff Program,1057
869,Oral Health Sciences,1057
751,Research Center Of Excellence,1057
913,ICPSR-Education,1057
418,Coe Eecs-Opt,1057
453,Univ Of Michigan Hospital,1057
291,Bentley Historical Library,1057
615,Int Med-Nephrology,1057
956,FSPP PhD Prog,1057
794,Genome Ethics Committee,1057
299,SRC - Survey Rsrch Center,1057
343,Surgery-Emergency Services,1057
505,Dev & External Relations-Dent,1057
735,RCGD-Peace & Security,1057
573,Umbs Research Support,1057
1013,Women in Science & Engineering,1057
773,Neuroscience Laboratory,1057
278,Law Library,1057
322,Hospital Dentistry,1057
1051,ROSS SCH Academic Services,1057
935,SNRE Michigan Sea Grant,1057
1008,IA-Women's Volleyball,1057
612,Devl Corporate/Foundation Rels,1057
450,Univ Of Mich Cancer Center,1057
568,SOE-Educational Studies,1057
465,Int Med-Infectious Dis,1057
960,FSPP Career Serv,1057
627,Willow Run - Hew Property,1057
829,Pgm Biomedical Communications,1057
667,Interdepartmental Instruction,1057
711,Student Activities And Leaders,1057
282,Dept Of Theatre & Drama,1057
606,Martha Cook,1057
444,Pediatrics-Ambulatory Care Pro,1057
895,Edwin S George Reserve,1057
933,SNRE Environmental Justice,1057
771,Drda - Graphic Services,1057
276,Facilities - Dentistry,1057
889,SRC-Urban & Envir Studies,1057
320,Geriatrics-Dentistry,1057
438,Int Med-Nuclear Medicine,1057
807,Law Journals And Symposia,1057
645,Classical Art&Archaeology Prgm,1057
483,Off Assoc Prov Acad Affairs,1057
718,Multi-Cultural Prog & Services,1057
556,Senior Associate Dean-Dentistr,1057
394,Coe Eecs-Theo,1057
600,Health Service Clinic Operatio,1057
395,Coe Eecs-Cse,1057
601,Health Service Clinic Support,1057
557,Clinic Operations-Dentistry,1057
890,SRC-Cmt-Microcomputing Supp,1057
719,SRC-Dst - Div Of Survey Techn,1057
350,Upress Production,1057
468,Office Of Evaluations & Examin,1057
963,MSTP,1057
512,Predoctoral Admissions-Dentist,1057
358,Clements Library,1057
691,Cocurricular Programs,1057
853,Upjohn Center,1057
977,Ross Sch Erb Institute,1057
364,Umtri-Osat,1057
770,SRC-Social Indicators,1057
437,Lab For Scientific Computation,1057
888,SRC-Survey Methodology Prog,1057
275,Academic Affairs-Dentistry,1057
932,SNRE Deans Office,1057
531,Umtri-Social & Behavioral Anal,1057
649,Pediatrics-Gastroenterology,1057
982,Building Services,1057
487,Office Of Financial Aid,1057
416,Herbarium,1057
911,SI Doctoral Program,1057
867,Director Of Research-Dentistry,1057
778,Nuclear Reactor,1057
822,RCGD-CPS Administrations,1057
327,Psych Vamc,1057
660,Office Of The General Counsel,1057
872,Staff Benefit Rechg Aux,1057
421,Coe Resource Planning & Manage,1057
377,Grad Sch-Children's Center,1057
1429,Organizational Excellence,1062
281,Theatre And Drama,45
279,Department Of Dance,45
283,U-Move,47
1283,Foundational Courses Initiative,303
1316,CRLT theme template,303
1436,SSW Online Degree Program,49
1204,Residential with Online Template,49
1311,Social Work Course Design,49
1448,MSW Program,49
1479,SSW Online Degree Program - DesignPlus,49
1193,Examsoft Test,305
318,Sandbox Dev,305
1302,Teacher Education,50
1287,International Baccalaureate,50
1183,Student Collaboration Experiment,50
1305,Marsal Sandbox Sites,50
1472,Anotemos Test,50
1227,M-ARC,50
1596,Research (cshpe),50
1475,CCM Testing,306
1226,Blue Test Account 02,306
1196,GEFF,306
1220,kartograafr,306
1221,Blue Test Account,306
307,Kaltura Testing,306
1166,Blue Jeans account,306
1480,Sub-account Admin Training,306
1591,SIS Upload Testing,306
1471,MADS / SIADS,51
1189,SI 422,51
1468,Waviers,51
1159,Project Sites,51
1186,test sub-subaccount,51
1296,UMSN Graduate Courses,52
1308,Test Sub Account B,52
111,School of Nursing Projects,52
1470,Healthy Lifetime Program,52
1307,Test Sub-Account A,52
310,OCPD,54
314,Learning Design & Publishing,54
1067,Sandboxes,54
1111,Research,54
315,Departments,54
1146,Osher Lifelong Learning Institute,54
1122,IDTT Development,54
313,GME,54
1061,Scientific Trunk/Clinical Trunk,54
1125,Michigan Surgical Quality Collaborative,54
311,Clinical Years/Branches,54
309,Post-Bac MEDPREP,54
1108,Paths of Excellence,54
312,Graduate Programs,54
316,MSA / EVPMA Units,54
319,Software Delivery Test Area,54
305,Learning Informatics,54
1124,OMSE,54
1194,PFANS,54
1197,CoMET,54
1218,HITS,54
1065,Maybaum,311
1127,BA,56
261,Kresge Library,56
1130,BL,56
1136,MO,56
1231,Online MBA,56
1225,Ross CDO,56
1138,TO,56
1161,Tauber,56
1188,Clixie - For Clixie Testing Only,56
1133,ES,56
1424,Human Resources,56
1137,STRATEGY,56
1446,Sanger Leadership Center,56
1134,FIN,56
1040,ROSS SCH Global Initiatives,56
1128,BCOM,56
1184,Committee,56
1139,WMBA,56
1222,Volute - For Volute Testing Only,56
1431,Ross Faculty,56
1185,MSCM,56
1148,MAP,56
1132,EMBA,56
1129,BE,56
1439,OMBA Style Courses,56
1126,ACC,56
1162,Zell Lurie,56
1135,MKT,56
1428,Ross Office of Undergraduate Programs,56
1144,Executive Education,56
1181,RLDI,56
1131,BUSABRD,56
1312,MM,56
1478,Practice Courses,56
1145,Psychiatry,313
1163,Emergency Medicine,315
1157,Anesthesiology,315
1201,Ophthalmology,315
1187,Dermatology,315
1199,Gynecology/Oncology ,315
1179,Internal Medicine,315
1120,Radiology,315
1060,Surgery,315
1172,Inpatient Child & Adolescent Psychiatry,315
1171,Physical Medicine & Rehabilitation,315
1174,Nutrition,315
1175,Laboratory Veterinary Medicine,315
1160,University Health Service,315
1150,MICHR Summer Research Program,315
1106,Learning and Professional Development,1105
1149,Career Development Passport,1105
1168,Foundations of Supervision III,1106
1110,Foundations of Supervision II,1106
1109,Foundations of Supervision I,1106
1237,Career Development Resources,1106
101,International Center,89
104,Technology Services,89
102,Michigan Dining,89
1473,Student Accessibility and Accommodation Services,89
1457,University Unions,89
1427,Peer-to-Peer,89
105,Housing,89
106,Career Center,89
1593,Recreational Sports,89
1248,Students Can't See Other Students Here,90
1453,Template Demo,90
1452,Drieam,90
1423,Accessibility,90
1241,Accessibility Testing,90
1586,DesignPLUS Testing,90
1588,ITS LTI Testing,90
1589,ITS Support Services Accessibility Office,90
1595,ITS GenAI Testing,90
93,Internal Medicine,91
97,Psychiatry,91
98,Surgery,91
100,Basic Science,91
95,Ob/Gyn,91
96,Pediatrics,91
99,Emergency Medicine,91
94,Family Medicine,91
92,Neurology,91
1485,CAI Test Space,107
1587,CAI MD Test Space,107
1592,CAI LTI Testing,107
1455,Canvas Summit,109
1240,Kanvas Workshops,109
1435,DEI Passport,109
1464,LTI Sub-account,109
1459,Joe User sub-account,109
1152,School of Nursing Student Organization Project Sites,111
304,School of Nursing Faculty Project Sites,111
809,LSA Natural Science Departmen,112
923,LSA Research & Graduate Std,112
401,LSA Digital Studies,112
155,Judaic Studies Program,112
39,LSA First Year Seminars,112
1151,Language Resource Center,112
172,Biology Department,112
162,Philosophy Department,112
152,Germanic Languages & Lit Dept,112
176,Dept of Afro-Am & African Std,112
153,History Department,112
139,Astronomy Department,112
166,Residential College,112
383,LSA College Auxiliary Service,112
187,Studies In Religion,112
178,Comprehensive Studies Program,112
144,Classical Studies Department,112
151,Earth & Environmental Sciences,112
1291,PlayPosit,112
186,LSA II: SE Asian Studies,112
171,Women's Studies Department,112
388,LSA University Course Develp,112
133,LSA Dean:  Facilities - USB,112
164,Applied Physics Program,112
170,Communication and Media,112
198,Program Study of Complex Syste,112
404,LSA II: Nam Ctr Korean Studies,112
42,Statistics Department,112
132,LSA Media Services,112
907,LSA Social Science Department,112
180,"Film, Television, and Media",112
173,"Molecular,Cell & Devel Biology",112
1443,LSA Science Learning Center,112
149,Sweetland Center for Writing,112
41,Political Science Department,112
1284,Newnan Advising,112
405,LSA II: Armenian Studies,112
199,Biophysics Research Division,112
182,LSA II: ME & N African St,112
147,Economics Department,112
1282,MIS,112
179,Comparative Literature Program,112
185,LSA II: South Asian Studies,112
1238,Barger Leadership Institute,112
175,International Institute,112
138,Anthropology Department,112
142,Program in the Environment (LSA),112
906,LSA Programs And Centers,112
131,Humanities Institute,112
150,Asian Languages And Cultures,112
1432,LSA Quant Methods & SocSci Pgm,112
128,LSA Budget & Admin,112
169,Sociology Department,112
892,LSA Information Technology,112
108,LS&A ISS,112
130,LSA Classrooms,112
538,LSA Dev & External Relations,112
1178,CGIS,112
154,Medieval & Early Modern Std,112
177,LSA II:  Chinese Studies,112
184,"LSA II: Russ, EE & Eurasian St",112
183,Department of American Culture,112
197,Museum of Art,112
403,LSA II: Prg Intl Comp Studies,112
174,Ecology & Evolutionary Biology,112
148,English Language & Lit Dept,112
385,LSA Undergraduate Education,112
1438,Human Resources Courses,112
168,Slavic Languages & Lit Dept,112
386,LSA Ta Training,112
158,English Language Institute,112
40,Department of Linguistics,112
893,LSA Humanities Departments,112
157,Honors Program,112
163,Physics Department,112
191,Exhibit Museum,112
1214,Demos and Sandbox,112
161,Middle East Studies Dept,112
137,LSA Inteflex,112
406,LSA II: African Studies Center,112
136,Office of International Progra,112
143,Chemistry Department,112
127,LSA UG: Lloyd Scholars- W&A,112
167,Romance Languages Department,112
189,LSA II: Latin Amer & Carib,112
415,LSA Museums and Research Unit,112
145,Program In Computer Science,112
129,LSA Student Academic Affairs,112
1047,LSA II: Islamic Studies Prog,112
156,History Of Art Department,112
146,Organizational Studies,112
387,LSA 21St Century Program,112
188,LSA II:  European Studies,112
181,LSA II: Japanese Studies,112
160,Mathematics Department,112
1169,Instructional Support Services,112
196,Macromolecular Sci & Engr Ctr,112
402,LSA II: World Performance St,112
165,Psychology Department,112
539,LSA Faculty Appointments,112
1476,SEISMIC (branded),112
1477,LSA Computation for Arts & Sci,112
1483,Intend-to-Attend,112
1484,International Institute Outreach,112
226,Design Science Program,113
1319,Engineering Education Research,113
1425,Great Lakes I-Corps,113
220,Industrial-Operations Engr Dep,113
222,Climate and Space Sciences Eng,113
225,Nuclear Engr & Radiological Sc,113
224,Naval Arch & Marine Engr Dept,113
214,Civil & Environmental Engr,113
204,Engineering Study Abroad,113
219,Technical Communication,113
1461,CAEN,113
213,Center For Professional Develo,113
206,Biomedical Engineering,113
221,Materials Science & Engin,113
43,Mech Eng & Applied Mech Dept,113
205,Integrative Systems & Design,113
207,Program In Manufacturing,113
212,Chemical Engineering Dept,113
202,Engineering Undergraduate Educ,113
201,CoE Robotics Institute,113
211,Aerospace Engineering,113
216,Electrical Engr & Computer Sci,113
1598,Michigan AI Lab,113
236,Human Genetics Department,114
227,Cancer Biology Graduate Progrm,114
245,Pathology Department,114
247,Pharmacology Department,114
255,Surgery Department,114
231,Bioinformatics,114
229,Program in Biomedical Sciences,114
230,Cellular and Molecular Biology,114
250,Learning Health Sciences,114
242,Obstetrics And Gynecology Dept,114
259,Center For Neuroscience,114
234,Biological Chemistry Departmen,114
246,Pediatrics & Comm Diseases Dep,114
243,Ophthalmology Department,114
252,Psychiatry Department,114
237,Internal Medicine Department,114
249,Physiology Department,114
228,Medical School Administration,114
248,Physical Medicine & Rehab Dept,114
251,Division of Anatomical Science,114
257,Orthopaedic Surgery,114
241,Neurology Department,114
1320,Mary H. Weiser Food Allergy Center,114
235,Dermatology Department,114
244,Otorhinolaryngology Department,114
258,Urology Surgery,114
233,Anesthesiology Department,114
239,Int Med-General Medicine,114
308,Postbac MEDPREP (Post-Baccalaureate Premedical Program),114
232,Cell and Developmental Biology,114
256,Neurosurgery,114
240,Microbiology And Immunology,114
254,Radiation Oncology,114
460,Urban and Regional Planning,115
1107,Stamps: Foundations,116
266,"Cariology,Restor Sci & Endo",117
1434,Learning Outcomes Sandbox,117
44,Dental Hygiene-Dentistry,117
1063,Law Project Sites,118
1064,Law Sandbox Sites,118
1481,LTI Attendance Tools Evaluation,118
1318,Program in the Environment (SEAS),119
317,Nutritional Sciences,120
53,Health Management And Policy,120
48,Environmental Health Sciences,120
1113,School of Public Health Projects,120
285,Biostatistics Department,120
1202,Outcomes Development,120
287,Health Behavior & Hlth Ed Dept,120
286,Epidemiology Department,120
1165,Global and Engaged Education,123
300,SRC-PSM Graduate Program,125
1482,SRC Summer Institute,125
1594,"Equity, Civil Rights, and Title IX",126
1211,Language Resource Center Blueprint Testing,1151
1154,Communications and Technology Management,1153
1156,Systematic Reviews: Opportunities for Librarians,1155
1116,Chemistry Projects,143
1315,bcoppola chem exams,143
1433,Math 216 - Blueprint and associated course,160
1223,Center for Socially Engaged Design,1190
1236,Catalog Sandbox,1190
1191,Michigan Public Health Training Center,1190
1167,Women's Studies Projects ,171
1469,Fast Forward Medical Innovation,1460
1208,Ypsilanti,1205
1206,Detroit,1205
1207,Southfield,1205
1216,Dept. of Organizational Learning,1215
1300,Michigan Medicine HR,1215
1465,Special Theme,1216
1219,eLearning,1218
1317,ME 450,1223
1293,C-SED Main Page Courses,1223
1454,External,1223
1294,Project Team Specific Courses,1223
1295,GHDI Courses,1223
1422,ENGR 100,1223
1440,MPowered,202
1068,ISD Program Development,205
1451,Course Copies,1231
1292,Template Styling,1231
1235,Online MBA Sandbox,1231
1289,LTI apps,1231
1239,U-M Lib Sandboxes,1232
1233,U-M Lib Staff Development,1232
1281,U-M Lib Testing,1232
1234,U-M Lib Instruction,1232
1298,Canvas Course Basics 12-9-19,1240
1299,Canvas Course Basics 12-12-19,1240
1285,Canvas Course Basics 5-9-19,1240
1466,LHS MM Quality ,250
1444,LHS Course Design,250
1456,LHS HILS Online,250
